Generators,GeneratorType,BusGenerator,MinRunCapacity,MaxRunCapacity,RampUp,RampDown,UT,DT,MaxTransitionLevel,FuelCost,FuelGenerator,FHGenerator,StartupCost,hr1,hr2,hr3,hr4,f1,f2,f3,R2U,R2D,R3U,R3D,Technology,
GConv1,SLOW,D-66,52.8,132,2.64,2.64,24,12,52.8,2.0205,COAL,FH_ARA,6581.257243,7.7838,8.6595,8.8541,,192.6486,134.8514,115.5846,0,0,0,0,CST,24
GConv2,FAST,D-38,50.9,212,10.6,10.6,2,2,212,6.9228,NAT_GAS,FH_NCG,3685.22797,9.0135,,,,0,,,53,0,97.5,0,GT,24
GConv3,FAST,D-38,9,37.4,1.87,1.87,2,2,37.4,6.9228,NAT_GAS,FH_NCG,650.1298399,9.0135,,,,0,,,9.35,0,17.18,0,GT,24
GConv4,FAST,D-38,9,37.4,1.87,1.87,2,2,37.4,6.9228,NAT_GAS,FH_NCG,650.1298399,9.0135,,,,0,,,9.35,0,17.18,0,GT,24
GConv5,FAST,D-38,9,37.4,1.87,1.87,2,2,37.4,6.9228,NAT_GAS,FH_NCG,650.1298399,7.2108,8.022,8.2023,,50.5658,35.3967,30.3396,9.35,0,17.18,0,GT,24
GConv6,CHP,D-189,151.6,420,8.4,8.4,24,12,151.6,2.0205,COAL,FH_ARA,13109.7855,10.2857,,,,0.0022,,,42,0,79.8,0,CHP,24
GConv7,CHP,D-189,143.3,305,6.1,6.1,24,12,143.3,2.0205,COAL,FH_ARA,9520.201375,8.0147,8.6021,9.1895,,310.6237,221.0455,86.6782,0,0,0,0,CHP,24
GConv8,FAST,D-189,14.4,60,3,3,2,2,60,6.9228,NAT_GAS,FH_NCG,1042.989048,10.2857,,,,0,,,15,0,27.6,0,GT,24
GConv9,FAST,D-189,20.9,87,4.35,4.35,2,2,87,6.9228,NAT_GAS,FH_NCG,1512.33412,8.7017,9.3394,9.9771,,96.1971,68.4578,26.8485,21.75,0,0,0,GT,24
GConv10,SLOW,D-126,35.2,88,0.88,0.88,24,12,35.2,1.0815,LIGNITE,FH_GERMANY,3779.859674,12,,,,0,,,0,4.4,0,0,CST,24
GConv11,SLOW,D-162,294.4,736,14.72,14.72,24,12,294.4,2.0205,COAL,FH_ARA,38232.58998,8.1127,8.4169,9.8366,,1119.5493,1007.5949,223.9207,73.6,0,0,0,CST,24
GConv12,SLOW,D-49,21.6,54,1.08,1.08,24,12,21.6,2.0205,COAL,FH_ARA,2692.332508,12.4138,,,,0,,,5.4,0,10.26,0,CST,24
GConv13,SLOW,D-176,186,465,9.3,9.3,24,12,186,1.0815,LIGNITE,FH_GERMANY,20492.93083,8.7017,9.3394,9.9771,,514.1571,365.8952,143.5007,0,46.5,0,0,CST,24
GConv14,SLOW,D-176,186,465,9.3,9.3,24,12,186,1.0815,LIGNITE,FH_GERMANY,20492.93083,10.2857,,,,0,,,0,46.5,0,0,CST,24
GConv15,SLOW,D-176,340,850,17,17,24,12,340,1.0815,LIGNITE,FH_GERMANY,39772.03257,8.6124,,,,0,,,0,85,0,110.4,CST,24
GConv16,SLOW,D-176,249.6,624,12.48,12.48,24,12,249.6,1.0815,LIGNITE,FH_GERMANY,29197.35097,6.8134,7.3128,7.8121,,540.2416,384.4359,150.756,0,62.4,0,0,CST,24
GConv17,NUCLEAR,D-16,548,1096,36.53333,36.53333,168,168,548,0.6948,NUCLEAR,FH_GERMANY,23751.06463,8.7273,9.7091,9.9273,,1793.4545,1255.4132,1076.0503,0,95.3,0,110.4,NUCLEAR,24
GConv18,NUCLEAR,D-16,137,274,9.13333,9.13333,168,168,137,0.6948,NUCLEAR,FH_GERMANY,5937.766157,9.2291,9.9055,10.5818,,321.3273,228.6592,89.6765,0,45.6667,0,0,NUCLEAR,24
GConv19,SLOW,D-126,28,70,1.4,1.4,24,12,28,2.0205,COAL,FH_ARA,3636.251765,8.2286,9.1543,9.36,,108,75.5995,64.8,0,0,0,0,CST,24
GConv20,SLOW,D-22,140,350,3.5,3.5,24,12,140,1.0815,LIGNITE,FH_GERMANY,15424.78665,10.2857,,,,0,,,0,0,0,0,CST,24
GConv21,FAST,D-38,50.9,212,10.6,10.6,2,2,212,6.9228,NAT_GAS,FH_NCG,3685.22797,7.6254,8.1843,8.7431,,205.4181,146.1788,57.3283,53,0,97.5,0,GT,24
GConv22,FAST,D-177,22.1,92,4.6,4.6,2,2,92,6.9228,NAT_GAS,FH_NCG,1599.249874,10.6888,,,,0,,,23,0,42.5667,0,GT,24
GConv23,SLOW,D-100,38,95,1.9,1.9,24,12,38,2.0205,COAL,FH_ARA,4934.913109,9.2903,10.3355,10.5677,,165.4839,115.8379,99.2933,9.5,0,9.50096,0,CST,24
GConv24,SLOW,D-100,38,95,1.9,1.9,24,12,38,2.0205,COAL,FH_ARA,4934.913109,11.6129,,,,0,,,9.5,0,18.05,0,CST,24
GConv25,SLOW,D-100,45.2,113,2.26,2.26,24,12,45.2,2.0205,COAL,FH_ARA,5869.949277,9.8245,10.5445,11.2645,,141.0677,100.3887,39.3691,11.3,0,11.3014,0,CST,24
GConv26,SLOW,D-100,76.5,255,5.1,5.1,6,8,76.5,2.4372,OTHER_GAS,FH_GERMANY,7120.178094,8.5714,,,,0,,,25.5,0,48.45,0,GST,24
GConv27,CHP,D-126,36.8,88,1.76,1.76,24,12,36.8,2.0205,COAL,FH_ARA,3774.854238,9.8245,10.5445,11.2645,,109.8587,78.1788,30.6591,8.8,0,10.4001,0,CHP,24
GConv28,SLOW,D-120,6,75,1.5,1.5,12,8,6,6.9228,NAT_GAS,FH_NCG,4568.078232,10.2857,,,,0,,,7.5,0,14.25,0,GST,24
GConv29,SLOW,D-120,6,75,1.5,1.5,12,8,6,6.9228,NAT_GAS,FH_NCG,4568.078232,10.2857,,,,0,,,7.5,0,14.25,0,GST,24
GConv30,SLOW,D-120,74,185,3.7,3.7,24,12,74,2.0205,COAL,FH_ARA,9223.731742,9.7297,,,,0,,,0,0,0,0,CST,24
GConv31,SLOW,D-120,124,310,6.2,6.2,24,12,124,2.0205,COAL,FH_ARA,14985.64355,9.7297,,,,0,,,31,0,0,0,CST,24
GConv32,FAST,D-27,12,50,2.5,2.5,2,2,50,6.9228,NAT_GAS,FH_NCG,869.15754,7.2108,8.022,8.2023,,67.6014,47.3218,40.561,12.5,0,0,0,GT,24
GConv33,NUCLEAR,D-56,664.5,1329,44.3,44.3,168,168,664.5,0.6948,NUCLEAR,FH_GERMANY,28800.33293,9.2291,9.9055,10.5818,,1558.5545,1109.0807,434.9636,0,0,0,110.4,NUCLEAR,24
GConv34,SLOW,D-170,77.6,194,3.88,3.88,24,12,77.6,2.0205,COAL,FH_ARA,9378.112418,9.7297,,,,0,,,0,0,0,0,CST,24
GConv35,SLOW,D-170,77.6,194,3.88,3.88,24,12,77.6,2.0205,COAL,FH_ARA,9378.112418,9.7297,,,,0,,,0,0,0,0,CST,24
GConv36,SLOW,D-26,138,345,6.9,6.9,24,12,138,2.0205,COAL,FH_ARA,17921.52655,9.068,,,,0,,,0,0,0,0,CST,24
GConv37,SLOW,D_Siersd,32.8,82,0.82,0.82,24,12,32.8,1.0815,LIGNITE,FH_GERMANY,3522.141969,12,,,,0,,,0,4.1,0,0,CST,24
GConv38,SLOW,D-129,30.6,383,7.66,7.66,12,8,30.6,6.9228,NAT_GAS,FH_NCG,26068.24628,6.345,6.81,7.275,,308.7938,219.7463,86.175,38.3,0,72.77,0,GST,24
GConv39,SLOW,D-129,35.2,440,8.8,8.8,12,8,35.2,6.9228,NAT_GAS,FH_NCG,29947.85474,7.2,,,,0,,,44,0,83.6,0,GST,24
GConv40,FAST,D-129,13.2,55,2.75,2.75,2,2,55,6.9228,NAT_GAS,FH_NCG,956.073294,7.6254,8.1843,8.7431,,53.2924,37.9237,14.8729,13.75,0,25.3,0,GT,24
GConv41,FAST,D-190,38.9,162,8.1,8.1,2,2,162,6.9228,NAT_GAS,FH_NCG,2816.07043,8.0147,8.6021,9.1895,,164.9842,117.4078,46.0389,40.5,0,0,0,GT,24
GConv42,CHP,D-126,136.8,285,0.18667,0.18667,24,12,282.2,1.0815,LIGNITE,FH_GERMANY,9192.798164,8.2286,9.1543,9.36,,439.7143,307.798,263.8286,0,0,0,2.80005,CHP,24
GConv43,SLOW,D-126,114,285,2.85,2.85,24,12,114,1.0815,LIGNITE,FH_GERMANY,12010.13834,10.2857,,,,0,,,0,0,0,42.75,CST,24
GConv44,FAST,D-188,4.8,20,1,1,2,2,20,6.9228,NAT_GAS,FH_NCG,347.663016,7.2108,7.4812,8.7431,,27.0406,24.3367,5.4083,5,0,9.2,0,GT,24
GConv45,FAST,D-188,5.2,21.5,1.075,1.075,2,2,21.5,6.9228,NAT_GAS,FH_NCG,373.7377422,7.2108,8.022,8.2023,,29.0686,20.3484,17.4412,5.375,0,9.85,0,GT,24
GConv46,FAST,D-101,50.9,212,10.6,10.6,2,2,212,6.9228,NAT_GAS,FH_NCG,3685.22797,9.0135,,,,0,,,53,0,97.5,0,GT,24
GConv47,FAST,D-112,50.9,212,10.6,10.6,2,2,212,6.9228,NAT_GAS,FH_NCG,3685.22797,9.0136,,,,0,,,53,0,0,0,GT,24
GConv48,FAST,D-116,69.6,290,14.5,14.5,2,2,290,6.9228,NAT_GAS,FH_NCG,5041.113732,8.2287,8.5381,9.9776,,447.4286,402.6919,89.495,72.5,0,0,0,GT,24
GConv49,FAST,D-129,69.6,290,14.5,14.5,2,2,290,6.9228,NAT_GAS,FH_NCG,5041.113732,8.2286,8.5371,9.9771,,447.4286,402.6919,89.495,72.5,0,123.8,0,GT,24
GConv50,FAST,D-142,69.6,290,14.5,14.5,2,2,290,6.9228,NAT_GAS,FH_NCG,5041.113732,8.2287,8.5381,9.9776,,447.4286,402.6919,89.495,72.5,0,123.8,0,GT,24
GConv51,FAST,D-142,69.6,290,14.5,14.5,2,2,290,6.9228,NAT_GAS,FH_NCG,5041.113732,8.2287,8.5381,9.9776,,447.4286,402.6919,89.495,72.5,0,123.8,0,GT,24
GConv52,FAST,D-142,69.6,290,14.5,14.5,2,2,290,6.9228,NAT_GAS,FH_NCG,5041.113732,8.2286,8.5382,9.9778,,447.4286,402.6919,89.495,72.5,0,0,0,GT,24
GConv53,FAST,D-20,50.9,212,10.6,10.6,2,2,212,6.9228,NAT_GAS,FH_NCG,3685.22797,9.0137,,,,0,,,53,0,18.3418,0,GT,24
GConv54,FAST,D-81,50.9,212,10.6,10.6,2,2,212,6.9228,NAT_GAS,FH_NCG,3685.22797,9.0135,,,,0,,,53,0,97.5,0,GT,24
GConv55,SLOW,D-125,5.9,74,2.22,2.22,12,8,5.9,6.9228,NAT_GAS,FH_NCG,2026.353159,6.7925,,,,0,,,11.1,0,21.09,0,GST,24
GConv56,SLOW,D-66,243.2,608,6.08,6.08,24,12,243.2,2.0205,COAL,FH_ARA,34672.84352,8.5714,,,,0,,,0,0,0,0,CST,24
GConv57,SLOW,D-12,5.6,14,0.28,0.28,24,12,5.6,2.0205,COAL,FH_ARA,698.0121318,9,,,,0,,,0,0,0,0,CST,24
GConv58,CHP,D-126,72.48,151,0.1,0.1,24,12,149.5,1.0815,LIGNITE,FH_GERMANY,4870.570255,10.152,10.896,11.64,,194.79,138.618,54.36,0,0,0,1.5,CHP,24
GConv59,NUCLEAR,D-161,637.5,1275,42.5,42.5,168,168,637.5,0.6948,NUCLEAR,FH_GERMANY,27630.11624,8.7273,9.0545,10.5818,,2086.3636,1877.7563,417.2901,0,95.3,0,110.4,NUCLEAR,24
GConv60,NUCLEAR,D-54,340,680,22.66667,22.66667,168,168,340,0.6948,NUCLEAR,FH_GERMANY,14736.06199,9.2291,9.9055,10.5818,,797.4545,567.4755,222.5547,0,95.3,0,110.4,NUCLEAR,24
GConv61,NUCLEAR,D-54,340,680,22.66667,22.66667,168,168,340,0.6948,NUCLEAR,FH_GERMANY,14736.06199,8.7273,9.7091,9.9273,,1112.7273,778.906,667.6225,0,95.3,0,110.4,NUCLEAR,24
GConv62,NUCLEAR,D-170,642,1284,42.8,42.8,168,168,642,0.6948,NUCLEAR,FH_GERMANY,27825.15235,9.2291,9.9055,10.5818,,1505.7818,1071.5272,420.2357,0,0,0,110.4,NUCLEAR,24
GConv63,NUCLEAR,D-170,643.5,1287,42.9,42.9,168,168,643.5,0.6948,NUCLEAR,FH_GERMANY,27890.16439,9.2291,9.9055,10.5818,,1509.3,1074.0308,421.2175,0,0,0,110.4,NUCLEAR,24
GConv64,SLOW,D-154,109.4,273.4,5.468,5.468,24,12,109.4,2.0205,COAL,FH_ARA,14202.16046,8.0147,8.6021,9.1895,,278.4363,198.1438,77.6978,0,0,0,0,CST,24
GConv65,SLOW,D-154,51,127.6,2.552,2.552,24,12,51,2.0205,COAL,FH_ARA,6628.367502,10.5021,11.2717,12.0414,,170.28,121.1775,47.518,12.76,0,24.244,0,CST,24
GConv66,SLOW,D-126,30.6,102,2.04,2.04,6,8,30.6,2.4372,OTHER_GAS,FH_GERMANY,2848.071238,8.5714,,,,0,,,10.2,0,19.38,0,GST,24
GConv67,FAST,D-21,28.6,119,5.95,5.95,2,2,119,6.9228,NAT_GAS,FH_NCG,2068.594945,6.9916,,,,0,,,29.75,0,54.7,0,GT,24
GConv68,SLOW,D-36,13,162,3.24,3.24,12,8,13,6.9228,NAT_GAS,FH_NCG,9024.902615,6.345,6.81,7.275,,130.6125,92.9475,36.45,16.2,0,30.78,0,GST,24
GConv69,SLOW,D-176,44,110,2.2,2.2,24,12,44,2.0205,COAL,FH_ARA,5484.381036,7.7838,8.6595,8.8541,,160.5405,112.3761,96.3205,0,0,0,0,CST,24
GConv70,SLOW,D-176,44,110,2.2,2.2,24,12,44,2.0205,COAL,FH_ARA,5484.381036,8.2286,8.5371,9.9771,,169.7143,152.7452,33.9464,11,0,0,0,CST,24
GConv71,SLOW,D-104,53.2,133,1.33,1.33,24,12,53.2,2.0205,COAL,FH_ARA,6429.324492,8.7017,9.3394,9.9771,,147.06,104.6539,41.0443,6.65,0,0,0,CST,24
GConv72,SLOW,D-104,100,250,2.5,2.5,24,12,100,2.0205,COAL,FH_ARA,12085.19641,8.2286,8.5371,9.9771,,385.7143,347.1482,77.1509,12.5,0,0,0,CST,24
GConv73,CHP,D-104,180.5,475,9.5,9.5,24,12,180.5,2.0205,COAL,FH_ARA,14826.54313,8.0147,8.6021,9.1895,,483.7566,344.2513,134.9906,0,0,0,0,CHP,24
GConv74,SLOW,D-65,346,865,17.3,17.3,24,12,346,2.0205,COAL,FH_ARA,49328.96323,9.2308,,,,0,,,0,0,0,0,CST,24
GConv75,FAST,D-148,24,100,5,5,2,2,100,6.9228,NAT_GAS,FH_NCG,1738.31508,9.2291,9.9055,10.5818,,117.2727,83.4523,32.7286,25,0,46,0,GT,24
GConv76,FAST,D-18,69.6,290,14.5,14.5,2,2,290,6.9228,NAT_GAS,FH_NCG,5041.113732,8.2286,8.5371,9.9771,,447.4286,402.6919,89.495,72.5,0,123.8,0,GT,24
GConv77,SLOW,D-191,33.4,417,8.34,8.34,12,8,33.4,6.9228,NAT_GAS,FH_NCG,28382.39869,10.2857,,,,0,,,41.7,0,0,0,GST,24
GConv78,NUCLEAR,D-190,700,1400,46.66667,46.66667,168,168,700,0.6948,NUCLEAR,FH_GERMANY,30338.95117,9.2291,9.9055,10.5818,,1641.8182,1168.3318,458.2009,0,95.3,0,110.4,NUCLEAR,24
GConv79,SLOW,D-62,182.4,456,9.12,9.12,24,12,182.4,1.0815,LIGNITE,FH_GERMANY,20096.29346,8.2286,8.5371,9.9771,,703.5429,633.1983,140.7232,0,45.6,0,0,CST,24
GConv80,SLOW,D-62,182.4,456,9.12,9.12,24,12,182.4,1.0815,LIGNITE,FH_GERMANY,20096.29346,8.2286,9.1543,9.36,,703.5429,492.4767,422.1257,0,45.6,0,0,CST,24
GConv81,SLOW,D-62,182.4,456,9.12,9.12,24,12,182.4,1.0815,LIGNITE,FH_GERMANY,20096.29346,8.2286,9.1543,9.36,,703.5429,492.4767,422.1257,0,45.6,0,0,CST,24
GConv82,SLOW,D-62,182.4,456,9.12,9.12,24,12,182.4,1.0815,LIGNITE,FH_GERMANY,20096.29346,8.7017,9.3394,9.9771,,504.2057,358.8134,140.7232,0,45.6,0,0,CST,24
GConv83,SLOW,D-62,182.4,456,9.12,9.12,24,12,182.4,1.0815,LIGNITE,FH_GERMANY,20096.29346,8.2286,9.1543,9.36,,703.5429,492.4767,422.1257,0,45.6,0,0,CST,24
GConv84,SLOW,D-62,182.4,456,9.12,9.12,24,12,182.4,1.0815,LIGNITE,FH_GERMANY,20096.29346,8.2286,9.1543,9.36,,703.5429,492.4767,422.1257,0,45.6,0,0,CST,24
GConv85,CHP,D-4,154.56,322,0.21333,0.21333,24,12,318.8,2.0205,COAL,FH_ARA,13812.53483,7.3846,8.2154,8.4,,445.8462,312.0898,267.5077,0,0,0,0,CHP,24
GConv86,SLOW,D-65,9,113,2.26,2.26,12,8,9,6.9228,NAT_GAS,FH_NCG,6882.571203,5.9149,6.3484,6.7819,,84.9311,60.4403,23.7016,11.3,0,21.47,0,GST,24
GConv87,CHP,D-47,77.76,162,0.10667,0.10667,24,12,160.4,1.0815,LIGNITE,FH_GERMANY,5225.380009,8.2286,9.1543,9.36,,249.9429,174.9588,149.9657,0,0.53335,0,1.01336,CHP,24
GConv88,SLOW,D-100,138,345,3.45,3.45,24,12,138,2.0205,COAL,FH_ARA,17921.52655,7.614,8.172,8.73,,333.7875,237.5325,93.15,0,0,0,0,CST,24
GConv89,SLOW,D-100,65.2,163,3.26,3.26,24,12,65.2,2.0205,COAL,FH_ARA,7879.548062,9.7297,,,,0,,,16.3,0,0,0,CST,24
GConv90,FAST,D-108,31.2,130,6.5,6.5,2,2,130,6.9228,NAT_GAS,FH_NCG,2259.809604,5.7464,6.1675,6.5887,,94.9245,67.554,26.4885,32.5,0,59.8,0,GT,24
GConv91,SLOW,D-41,5.8,72,1.44,1.44,12,8,5.8,6.9228,NAT_GAS,FH_NCG,4385.355103,7.5,,,,0,,,7.2,0,13.68,0,GST,24
GConv92,CHP,D-51,99.3,432.5,8.65,8.65,8,8,99.3,6.9228,NAT_GAS,FH_NCG,42578.91745,7.5,,,,0,,,43.25,0,82.175,0,CHP,24
GConv93,SLOW,D-68,346,865,8.65,8.65,24,12,346,1.0815,LIGNITE,FH_GERMANY,40473.89197,6.7925,7.0472,8.2358,,1101.6509,991.4728,220.362,0,43.25,0,0,CST,24
GConv94,SLOW,D-68,179.6,449,4.49,4.49,24,12,179.6,1.0815,LIGNITE,FH_GERMANY,19787.79772,6.7925,7.0472,8.2358,,571.8396,514.6489,114.3844,0,22.45,0,0,CST,24
GConv95,SLOW,D-68,173,432.5,4.325,4.325,24,12,173,1.0815,LIGNITE,FH_GERMANY,19060.62921,7.183,7.7094,8.2358,,394.7583,280.9283,110.181,0,21.625,0,0,CST,24
GConv96,SLOW,D-100,133.2,333,6.66,6.66,24,12,133.2,2.0205,COAL,FH_ARA,17298.16911,7.8092,8.3815,8.9538,,330.4385,235.1556,92.2269,0,0,0,0,CST,24
GConv97,SLOW,D-100,57.2,143,2.86,2.86,24,12,57.2,2.0205,COAL,FH_ARA,7129.695346,8.7017,9.3394,9.9771,,158.1171,112.5226,44.1303,14.3,0,0,0,CST,24
GConv98,SLOW,D-177,80.8,202,4.04,4.04,24,12,80.8,2.0205,COAL,FH_ARA,11519.59604,9.7297,,,,0,,,0,0,0,0,CST,24
GConv99,SLOW,D-177,78,195,3.9,3.9,24,12,78,2.0205,COAL,FH_ARA,11120.40211,9.7297,,,,0,,,0,0,0,0,CST,24
GConv100,SLOW,D-177,100.8,252,5.04,5.04,24,12,100.8,2.0205,COAL,FH_ARA,14370.98119,9.7297,,,,0,,,0,0,0,0,CST,24
GConv101,SLOW,D-49,130.8,327,6.54,6.54,24,12,130.8,2.0205,COAL,FH_ARA,16986.49039,10.2857,,,,0,,,32.7,0,0,0,CST,24
GConv102,SLOW,D-49,138,345,6.9,6.9,24,12,138,2.0205,COAL,FH_ARA,17921.52655,10.2857,,,,0,,,34.5,0,65.55,0,CST,24
GConv103,SLOW,D-111,8.9,111,2.22,2.22,12,8,8.9,6.9228,NAT_GAS,FH_NCG,6760.755784,7.0727,,,,0,,,11.1,0,21.09,0,GST,24
GConv104,CHP,D-47,50.5,93,1.86,1.86,24,12,50.5,2.0205,COAL,FH_ARA,3989.334593,12.4138,,,,0,,,9.3,0,17.67,0,CHP,24
GConv105,FAST,D-197,30,125,6.25,6.25,2,2,125,6.9228,NAT_GAS,FH_NCG,2172.89385,10.2857,,,,0,,,31.25,0,57.5,0,GT,24
GConv106,CHP,D-197,126.3,350,7,7,24,12,126.3,2.0205,COAL,FH_ARA,10924.82125,7.5789,8.4316,8.6211,,497.3744,348.1542,298.4086,0,21.4728,0,0,CHP,24
GConv107,NUCLEAR,D-181,634.5,1269,42.3,42.3,168,168,634.5,0.6948,NUCLEAR,FH_GERMANY,27500.09216,9.2291,9.9055,10.5818,,1488.1909,1059.0093,415.3264,0,95.3,0,110.4,NUCLEAR,24
GConv108,SLOW,D-136,120,300,3,3,24,12,120,1.0815,LIGNITE,FH_GERMANY,13221.2457,8.2286,9.1543,9.36,,462.8571,323.9979,277.7143,0,0,0,0,CST,24
GConv109,SLOW,D-136,120,300,3,3,24,12,120,1.0815,LIGNITE,FH_GERMANY,13221.2457,8.7017,9.3394,9.9771,,331.7143,236.0614,92.5811,0,0,0,0,CST,24
GConv110,SLOW,D-136,120,300,3,3,24,12,120,1.0815,LIGNITE,FH_GERMANY,13221.2457,8.7017,9.3394,9.9771,,331.7143,236.0614,92.5811,0,0,0,0,CST,24
GConv111,SLOW,D-136,240,600,6,6,24,12,240,1.0815,LIGNITE,FH_GERMANY,28074.37593,8.46,9.08,9.7,,645,459,180,0,0,0,0,CST,24
GConv112,SLOW,D-136,240,600,6,6,24,12,240,1.0815,LIGNITE,FH_GERMANY,28074.37593,8.46,9.08,9.7,,645,459,180,0,0,0,0,CST,24
GConv113,SLOW,D-136,777.2,1943,38.86,38.86,24,12,777.2,1.0815,LIGNITE,FH_GERMANY,90914.1874,6.8134,7.3128,7.8121,,1682.1946,1197.0497,469.4213,0,0,0,110.4,CST,24
GConv114,SLOW,D_Rommer,386,965,19.3,19.3,24,12,386,1.0815,LIGNITE,FH_GERMANY,45152.95463,8.3721,,,,0,,,0,0,0,110.4,CST,24
GConv115,SLOW,D_Rommer,120,300,3,3,24,12,120,1.0815,LIGNITE,FH_GERMANY,13221.2457,8.9576,9.6141,10.2706,,341.4706,243.0026,95.2915,0,0,0,0,CST,24
GConv116,SLOW,D_Rommer,120,300,3,3,24,12,120,1.0815,LIGNITE,FH_GERMANY,13221.2457,8.9576,9.6141,10.2706,,341.4706,243.0026,95.2915,0,0,0,0,CST,24
GConv117,SLOW,D_Rommer,120,300,3,3,24,12,120,1.0815,LIGNITE,FH_GERMANY,13221.2457,8.2286,9.1543,9.36,,462.8571,323.9979,277.7143,0,0,0,0,CST,24
GConv118,SLOW,D_Rommer,120,300,3,3,24,12,120,1.0815,LIGNITE,FH_GERMANY,13221.2457,8.7017,9.3394,9.9771,,331.7143,236.0614,92.5811,0,0,0,45,CST,24
GConv119,SLOW,D_Rommer,223.4,558.6,5.586,5.586,24,12,223.4,1.0815,LIGNITE,FH_GERMANY,26137.244,10,,,,0,,,0,0,0,0,CST,24
GConv120,SLOW,D_Rommer,223.4,558.6,5.586,5.586,24,12,223.4,1.0815,LIGNITE,FH_GERMANY,26137.244,10,,,,0,,,0,0,0,0,CST,24
GConv121,SLOW,D-137,128,320,6.4,6.4,24,12,128,2.0205,COAL,FH_ARA,16622.86521,9.7297,,,,0,,,0,0,0,0,CST,24
GConv122,SLOW,D-58,112,280,5.6,5.6,24,12,112,1.0815,LIGNITE,FH_GERMANY,11799.43416,9.5175,10.215,10.9125,,338.625,240.975,94.5,0,28,0,0,CST,24
GConv123,NUCLEAR,D-177,696,1392,46.4,46.4,168,168,696,0.6948,NUCLEAR,FH_GERMANY,30165.58573,8.7273,9.0545,10.5818,,2277.8182,2050.068,455.5826,0,95.3,0,110.4,NUCLEAR,24
GConv124,SLOW,D-192,184,460,9.2,9.2,24,12,184,2.0205,COAL,FH_ARA,23895.36874,7.614,8.172,8.73,,445.05,316.71,124.2,0,0,0,0,CST,24
GConv125,FAST,D-162,7.9,33,1.65,1.65,2,2,33,6.9228,NAT_GAS,FH_NCG,573.6439764,9.7297,,,,0,,,8.25,0,15.2,0,GT,24
GConv126,SLOW,D-5,102,255,5.1,5.1,24,12,102,2.0205,COAL,FH_ARA,13246.34571,7.0828,7.6019,8.1209,,229.5,163.3136,64.0523,0,22.9522,0,0,CST,24
GConv127,SLOW,D-5,50,125,2.5,2.5,24,12,50,2.0205,COAL,FH_ARA,6493.306722,8.3721,,,,0,,,0,0,0,0,CST,24
GConv128,SLOW,D-5,50,125,2.5,2.5,24,12,50,2.0205,COAL,FH_ARA,6493.306722,8.3721,,,,0,,,0,0,0,0,CST,24
GConv129,SLOW,D-58,200,500,10,10,24,12,200,1.0815,LIGNITE,FH_GERMANY,22035.40949,7.614,8.172,8.73,,483.75,344.25,135,0,50,0,0,CST,24
GConv130,SLOW,D-58,160,400,8,8,24,12,160,1.0815,LIGNITE,FH_GERMANY,17628.32759,9,,,,0,,,0,40,0,0,CST,24
GConv131,SLOW,D-102,138,345,6.9,6.9,24,12,138,2.0205,COAL,FH_ARA,17921.52655,9.7297,,,,0,,,4.435,0,0,0,CST,24
GConv132,SLOW,D-102,138,345,6.9,6.9,24,12,138,2.0205,COAL,FH_ARA,17921.52655,9.7297,,,,0,,,0,0,0,0,CST,24
GConv133,SLOW,D-102,124.5,345,6.9,6.9,24,12,124.5,2.0205,COAL,FH_ARA,17921.52655,9.7297,,,,0.0037,,,0,0,0,0,CST,24
GConv134,SLOW,D-102,138,345,6.9,6.9,24,12,138,2.0205,COAL,FH_ARA,17921.52655,9.7297,,,,0,,,0,0,0,0,CST,24
GConv135,SLOW,D-102,270.4,676,13.52,13.52,24,12,270.4,2.0205,COAL,FH_ARA,35115.80275,8.2314,8.8346,9.4378,,707.0595,503.1614,197.3381,0,0,0,0,CST,24
GConv136,SLOW,D-62,307.2,768,15.36,15.36,24,12,307.2,1.0815,LIGNITE,FH_GERMANY,33846.38898,7.4283,7.9727,8.5171,,724.9171,515.8647,202.287,0,76.8,0,110.4,CST,24
GConv137,SLOW,D-62,307.2,768,15.36,15.36,24,12,307.2,1.0815,LIGNITE,FH_GERMANY,33846.38898,7.4283,7.9727,8.5171,,724.9171,515.8647,202.287,0,76.8,0,110.4,CST,24
GConv138,SLOW,D-192,116.8,292,5.84,5.84,24,12,116.8,1.0815,LIGNITE,FH_GERMANY,12305.12419,9,9.3375,10.9125,,492.75,443.475,98.55,0,29.2,0,0,CST,24
GConv139,CHP,D-108,15.84,33,0.02,0.02,24,12,32.7,2.0205,COAL,FH_ARA,1415.570339,7.614,8.172,8.73,,31.9275,22.7205,8.91,0,0,0,0,CHP,24
GConv140,CHP,D-108,11.9,66,1.32,1.32,24,12,11.9,2.0205,COAL,FH_ARA,2831.140679,9,,,,0,,,0,0,0,0,CHP,24
GConv141,CHP,D-108,11.9,66,1.32,1.32,24,12,11.9,2.0205,COAL,FH_ARA,2831.140679,9,,,,0,,,0,0,0,0,CHP,24
GConv142,CHP,D-197,89.9,249,4.98,4.98,24,12,89.9,2.0205,COAL,FH_ARA,10681.12165,11.6129,,,,0.0003,,,24.9,0,47.31,0,CHP,24
GConv143,CHP,D-197,184.1,510,10.2,10.2,24,12,184.1,2.0205,COAL,FH_ARA,15919.02525,8.0147,8.6021,9.1895,,519.4015,369.6171,144.9373,0,0,0,0,CHP,24
GConv144,FAST,D-47,8.8,36.8,1.84,1.84,2,2,36.8,6.9228,NAT_GAS,FH_NCG,639.6999494,9.0135,,,,0,,,9.2,0,16.96,0,GT,24
GConv145,FAST,D-47,9.1,37.8,1.89,1.89,2,2,37.8,6.9228,NAT_GAS,FH_NCG,657.0831002,7.6254,8.1843,8.7431,,36.6264,26.064,10.2217,9.45,0,17.36,0,GT,24
GConv146,FAST,D-47,8.8,36.8,1.84,1.84,2,2,36.8,6.9228,NAT_GAS,FH_NCG,639.6999494,7.2108,7.4812,8.7431,,49.7546,44.7796,9.9513,9.2,0,16.96,0,GT,24
GConv147,FAST,D-47,9.1,37.8,1.89,1.89,2,2,37.8,6.9228,NAT_GAS,FH_NCG,657.0831002,7.2108,8.022,8.2023,,51.1067,35.7753,30.6641,9.45,0,17.36,0,GT,24
GConv148,FAST,D-47,8.8,36.8,1.84,1.84,2,2,36.8,6.9228,NAT_GAS,FH_NCG,639.6999494,7.2108,7.4812,8.7431,,49.7546,44.7796,9.9513,9.2,0,16.96,0,GT,24
GConv149,FAST,D-47,9.1,37.8,1.89,1.89,2,2,37.8,6.9228,NAT_GAS,FH_NCG,657.0831002,7.2108,7.4812,8.7431,,51.1067,45.9964,10.2217,9.45,0,17.36,0,GT,24
GConv150,FAST,D-47,8.8,36.8,1.84,1.84,2,2,36.8,6.9228,NAT_GAS,FH_NCG,639.6999494,9.0135,,,,0,,,9.2,0,16.96,0,GT,24
GConv151,FAST,D-47,9.1,37.8,1.89,1.89,2,2,37.8,6.9228,NAT_GAS,FH_NCG,657.0831002,7.2108,8.022,8.2023,,51.1067,35.7753,30.6641,9.45,0,17.36,0,GT,24
GConv152,CHP,D-21,58.5,194,3.88,3.88,24,12,58.5,2.0205,COAL,FH_ARA,6055.47235,9.4737,,,,0,,,0,0,0,0,CHP,24
GConv153,CHP,D-21,26,127,2.54,2.54,8,8,26,6.9228,NAT_GAS,FH_NCG,12502.94223,7.5,,,,0,,,12.7,0,24.13,0,CHP,24
GConv154,SLOW,D-91,95.2,238,4.76,4.76,24,12,95.2,2.0205,COAL,FH_ARA,11505.10699,8.2314,8.8346,9.4378,,248.9351,177.1485,69.477,0,0,0,0,CST,24
GConv155,SLOW,D-100,270,675,6.75,6.75,24,12,270,2.0205,COAL,FH_ARA,38493.69963,9.2308,,,,0,,,0,0,0,0,CST,24
GConv156,SLOW,D-100,270,675,6.75,6.75,24,12,270,2.0205,COAL,FH_ARA,38493.69963,9.2308,,,,0,,,0,0,0,0,CST,24
GConv157,CHP,D_Rommer,82.08,171,0.11333,0.11333,24,12,169.3,1.0815,LIGNITE,FH_GERMANY,5515.678898,9.6,9.96,11.64,,307.8,277.02,61.56,0,0,0,1.69995,CHP,24
GConv158,SLOW,D-189,10.5,26.3,0.526,0.526,24,12,10.5,2.0205,COAL,FH_ARA,1311.265648,10.152,10.896,11.64,,33.927,24.1434,9.468,2.63,0,2.61,0,CST,24
GConv159,SLOW,D-189,30.7,76.7,1.534,1.534,24,12,30.7,2.0205,COAL,FH_ARA,3824.109322,7.7838,8.0757,9.4378,,111.9405,100.7456,22.3903,0,0,0,0,CST,24
GConv160,SLOW,D-126,51.6,129,2.58,2.58,24,12,51.6,2.0205,COAL,FH_ARA,6431.683215,12,,,,0,,,12.9,0,24.51,0,CST,24
GConv161,SLOW,D-16,38,95,1.9,1.9,24,12,38,2.0205,COAL,FH_ARA,4934.913109,7.614,8.172,8.73,,91.9125,65.4075,25.65,0,0,0,0,CST,24
GConv162,CHP,D-16,34.3,151,3.02,3.02,24,12,34.3,2.0205,COAL,FH_ARA,6477.306704,7.2,8.01,8.19,,203.85,142.695,122.31,0,15.1,0,0,CHP,24
GConv163,SLOW,D-180,255.6,639,6.39,6.39,24,12,255.6,2.0205,COAL,FH_ARA,36440.70231,7.3846,8.2154,8.4,,884.7692,619.3335,530.8615,0,31.95,0,0,CST,24
GConv164,SLOW,D-136,120,300,3,3,24,12,120,1.0815,LIGNITE,FH_GERMANY,13221.2457,10.2857,,,,0,,,0,0,0,45,CST,24
GConv165,SLOW,D-136,120,300,3,3,24,12,120,1.0815,LIGNITE,FH_GERMANY,13221.2457,10.2857,,,,0,,,0,0,0,45,CST,24
GConv166,SLOW,D-136,240,600,6,6,24,12,240,1.0815,LIGNITE,FH_GERMANY,28074.37593,8.46,9.08,9.7,,645,459,180,0,0,0,90,CST,24
GConv167,SLOW,D-136,240,600,6,6,24,12,240,1.0815,LIGNITE,FH_GERMANY,28074.37593,10,,,,0,,,0,0,0,90,CST,24
GConv168,SLOW,D-22,300,750,15,15,24,12,300,2.0205,COAL,FH_ARA,42770.77736,9.2308,,,,0,,,0,0,0,0,CST,24
GConv169,SLOW,D-191,187.2,468,4.68,4.68,24,12,187.2,2.0205,COAL,FH_ARA,24310.94037,9.0203,,,,0,,,0,0,0,0,CST,24
